<beans xmlns="http://www.springframework.org/schema/beans"
	xmlns:context="http://www.springframework.org/schema/context"
	xmlns:mvc="http://www.springframework.org/schema/mvc"
	xmlns:xsi="http://www.w3.org/2001/XMLSchema-instance"
	xsi:schemaLocation="
        http://www.springframework.org/schema/beans
        http://www.springframework.org/schema/beans/spring-beans-4.3.xsd
        http://www.springframework.org/schema/context
        http://www.springframework.org/schema/context/spring-context-4.3.xsd">

	<context:component-scan base-package="com.ninerevents" />

	
	
	<!-- Initialization for data source -->
   <bean id = "dataSource" 
      class = "org.springframework.jdbc.datasource.DriverManagerDataSource">
      <property name = "driverClassName" value = "com.mysql.jdbc.Driver"/>
      <property name = "url" value = "jdbc:mysql://localhost:3306/ssdieventmanagement"/>
      <property name = "username" value = "root"/>
      <property name = "password" value = ""/>
   </bean>

   <!-- Definition for eventJDBCTemplate bean -->
   <bean id = "eventJDBCTemplate" 
      class = "com.ninerevents.dao.EventDAOImpl">
      <property name = "dataSource" ref = "dataSource" />    
   </bean>
</beans>
